id,name,full_name,description,html_url,stargazers_count,forks_count,created_at,pushed_at,language,size,open_issues_count,topics,contributor_count,commit_count_estimate,age_days,days_since_push,quality_score,discovery_query,discovery_order,layer_1,layer_2,category,selected,notes
620936652,gpt4free,xtekky/gpt4free,"The official gpt4free repository | various collection of powerful language models | o4, o3 and deepseek r1, gpt-4.1, gemini 2.5",https://github.com/xtekky/gpt4free,64996,13690,2023-03-29T17:00:43Z,2025-08-23T16:24:30Z,Python,169504,10,"['chatbot', 'chatbots', 'chatgpt', 'chatgpt-4', 'chatgpt-api', 'chatgpt-free', 'chatgpt4', 'deepseek', 'deepseek-api', 'deepseek-r1', 'gpt', 'gpt-4', 'gpt-4o', 'gpt4', 'gpt4-api', 'language-model', 'openai', 'openai-api', 'openai-chatgpt', 'reverse-engineering']",30,30,877,-1,20.05,openai language:Python stars:>=100 pushed:>=2022-11-01,24,,,,,
38696925,python-telegram-bot,python-telegram-bot/python-telegram-bot,We have made you a wrapper you can't refuse,https://github.com/python-telegram-bot/python-telegram-bot,28053,5811,2015-07-07T15:30:39Z,2025-08-22T18:11:05Z,Python,18272,27,"['bot', 'chatbot', 'framework', 'python', 'telegram']",30,30,3700,0,20.0,chatbot language:Python stars:>=100 pushed:>=2022-11-01,27,,,,,
290091948,annotated_deep_learning_paper_implementations,labmlai/annotated_deep_learning_paper_implementations,"🧑‍🏫 60+ Implementations/tutorials of deep learning papers with side-by-side notes 📝; including transformers (original, xl, switch, feedback, vit, ...), optimizers (adam, adabelief, sophia, ...), gans(cyclegan, stylegan2, ...), 🎮 reinforcement learning (ppo, dqn), capsnet, distillation, ... 🧠",https://github.com/labmlai/annotated_deep_learning_paper_implementations,62696,6359,2020-08-25T02:29:34Z,2025-08-21T07:04:16Z,Python,154373,26,"['attention', 'deep-learning', 'deep-learning-tutorial', 'gan', 'literate-programming', 'lora', 'machine-learning', 'neural-networks', 'optimizers', 'pytorch', 'reinforcement-learning', 'transformer', 'transformers']",30,30,1824,2,19.9,transformers language:Python stars:>=100 pushed:>=2022-11-01,4,,,,,
571186647,pathway,pathwaycom/pathway,"Python ETL framework for stream processing, real-time analytics, LLM pipelines, and RAG.",https://github.com/pathwaycom/pathway,31893,916,2022-11-27T13:01:14Z,2025-08-23T03:35:37Z,Python,137811,46,"['batch-processing', 'data-analytics', 'data-pipelines', 'data-processing', 'dataflow', 'etl', 'etl-framework', 'iot-analytics', 'kafka', 'machine-learning-algorithms', 'pathway', 'python', 'real-time', 'rust', 'stream-processing', 'streaming', 'time-series-analysis']",28,30,1000,0,19.8,llm language:Python stars:>=100 pushed:>=2022-11-01,1,,,,,
629749002,OpenLLM,bentoml/OpenLLM,"Run any open-source LLMs, such as DeepSeek and Llama, as OpenAI compatible API endpoint in the cloud.",https://github.com/bentoml/OpenLLM,11709,762,2023-04-19T00:27:52Z,2025-08-18T16:52:16Z,Python,43053,7,"['bentoml', 'fine-tuning', 'llama', 'llama2', 'llama3-1', 'llama3-2', 'llama3-2-vision', 'llm', 'llm-inference', 'llm-ops', 'llm-serving', 'llmops', 'mistral', 'mlops', 'model-inference', 'open-source-llm', 'openllm', 'vicuna']",30,30,857,4,19.8,llm language:Python stars:>=100 pushed:>=2022-11-01,1,,,,,
793375104,awesome-llm-apps,Shubhamsaboo/awesome-llm-apps,"Collection of awesome LLM apps with AI Agents and RAG using OpenAI, Anthropic, Gemini and opensource models.",https://github.com/Shubhamsaboo/awesome-llm-apps,61587,7454,2024-04-29T05:30:25Z,2025-08-18T02:24:57Z,Python,190386,10,"['llms', 'python', 'rag']",30,30,481,5,19.75,llm language:Python stars:>=100 pushed:>=2022-11-01,1,,,,,
631258918,pandas-ai,sinaptik-ai/pandas-ai,"Chat with your database or your datalake (SQL, CSV, parquet). PandasAI makes data analysis conversational using LLMs and RAG.",https://github.com/sinaptik-ai/pandas-ai,21873,2129,2023-04-22T12:58:01Z,2025-08-13T12:59:44Z,Python,57450,21,"['ai', 'csv', 'data', 'data-analysis', 'data-science', 'data-visualization', 'database', 'datalake', 'gpt-4', 'llm', 'pandas', 'sql', 'text-to-sql']",30,30,854,10,19.5,llm language:Python stars:>=100 pushed:>=2022-11-01,1,,,,,
749126547,Scrapegraph-ai,ScrapeGraphAI/Scrapegraph-ai,Python scraper based on AI,https://github.com/ScrapeGraphAI/Scrapegraph-ai,21110,1794,2024-01-27T16:54:38Z,2025-08-13T09:50:52Z,Python,14637,11,"['ai', 'ai-scraping', 'automated-scraper', 'crawler', 'html-to-markdown', 'llm', 'markdown', 'rag', 'scraping', 'scraping-python', 'web-crawler', 'web-crawlers', 'web-scraping']",30,30,573,10,19.5,llm language:Python stars:>=100 pushed:>=2022-11-01,1,,,,,
540842713,buzz,chidiwilliams/buzz,Buzz transcribes and translates audio offline on your personal computer. Powered by OpenAI's Whisper.,https://github.com/chidiwilliams/buzz,15092,1125,2022-09-24T13:43:23Z,2025-08-23T15:40:00Z,Python,42906,24,['whisper'],24,30,1064,0,19.4,openai language:Python stars:>=100 pushed:>=2022-11-01,24,,,,,
674075444,Qwen,QwenLM/Qwen,The official repo of Qwen (通义千问) chat & pretrained large language model proposed by Alibaba Cloud.,https://github.com/QwenLM/Qwen,19120,1586,2023-08-03T04:56:38Z,2025-08-05T10:12:21Z,Python,37333,25,"['chinese', 'flash-attention', 'large-language-models', 'llm', 'natural-language-processing', 'pretrained-models']",30,30,751,18,19.1,llm language:Python stars:>=100 pushed:>=2022-11-01,1,,,,,
771302083,OpenHands,All-Hands-AI/OpenHands,"🙌 OpenHands: Code Less, Make More",https://github.com/All-Hands-AI/OpenHands,62456,7466,2024-03-13T03:33:31Z,2025-08-23T18:44:03Z,Python,230649,486,"['agent', 'artificial-intelligence', 'chatgpt', 'claude-ai', 'cli', 'developer-tools', 'gpt', 'llm', 'openai']",30,30,528,-1,19.05,llm language:Python stars:>=100 pushed:>=2022-11-01,1,,,,,
599547518,vllm,vllm-project/vllm,A high-throughput and memory-efficient inference and serving engine for LLMs,https://github.com/vllm-project/vllm,56098,9593,2023-02-09T11:23:20Z,2025-08-23T18:30:31Z,Python,77074,2811,"['amd', 'cuda', 'deepseek', 'gpt', 'hpu', 'inference', 'inferentia', 'llama', 'llm', 'llm-serving', 'llmops', 'mlops', 'model-serving', 'pytorch', 'qwen', 'rocm', 'tpu', 'trainium', 'transformer', 'xpu']",30,30,926,-1,19.05,llm language:Python stars:>=100 pushed:>=2022-11-01,1,,,,,
33884891,airflow,apache/airflow,"Apache Airflow - A platform to programmatically author, schedule, and monitor workflows",https://github.com/apache/airflow,41696,15485,2015-04-13T18:04:58Z,2025-08-23T18:40:51Z,Python,431638,1534,"['airflow', 'apache', 'apache-airflow', 'automation', 'dag', 'data-engineering', 'data-integration', 'data-orchestrator', 'data-pipelines', 'data-science', 'elt', 'etl', 'machine-learning', 'mlops', 'orchestration', 'python', 'scheduler', 'workflow', 'workflow-engine', 'workflow-orchestration']",30,30,3784,-1,19.05,workflow language:Python stars:>=100 pushed:>=2022-11-01,20,,,,,
710601088,crewAI,crewAIInc/crewAI,"Framework for orchestrating role-playing, autonomous AI agents. By fostering collaborative intelligence, CrewAI empowers agents to work together seamlessly, tackling complex tasks.",https://github.com/crewAIInc/crewAI,36029,4844,2023-10-27T03:26:59Z,2025-08-23T15:56:52Z,Python,158630,149,"['agents', 'ai', 'ai-agents', 'aiagentframework', 'llms']",30,30,666,-1,19.05,crewai language:Python stars:>=100 pushed:>=2022-11-01,18,,,,,
488641606,agno,agno-agi/agno,"Open-source framework for building multi-agent systems with memory, knowledge and reasoning.",https://github.com/agno-agi/agno,32196,4095,2022-05-04T15:23:02Z,2025-08-23T19:35:58Z,Python,226096,214,"['agents', 'agi', 'ai', 'developer-tools', 'framework', 'python']",30,30,1207,-1,19.05,agent language:Python stars:>=100 pushed:>=2022-11-01,19,,,,,
396569538,khoj,khoj-ai/khoj,"Your AI second brain. Self-hostable. Get answers from the web or your docs. Build custom agents, schedule automations, do deep research. Turn any online or local LLM into your personal, autonomous AI (gpt, claude, gemini, llama, qwen, mistral). Get started - free.",https://github.com/khoj-ai/khoj,30783,1778,2021-08-16T01:48:44Z,2025-08-23T19:13:51Z,Python,116860,82,"['agent', 'ai', 'assistant', 'chat', 'chatgpt', 'emacs', 'image-generation', 'llama3', 'llamacpp', 'llm', 'obsidian', 'obsidian-md', 'offline-llm', 'productivity', 'rag', 'research', 'self-hosted', 'semantic-search', 'stt', 'whatsapp-ai']",30,30,1468,-1,19.05,llm language:Python stars:>=100 pushed:>=2022-11-01,1,,,,,
671269505,litellm,BerriAI/litellm,"Python SDK, Proxy Server (LLM Gateway) to call 100+ LLM APIs in OpenAI format - [Bedrock, Azure, OpenAI, VertexAI, Cohere, Anthropic, Sagemaker, HuggingFace, Replicate, Groq]",https://github.com/BerriAI/litellm,27821,3908,2023-07-27T00:09:52Z,2025-08-23T19:20:48Z,Python,505040,1122,"['ai-gateway', 'anthropic', 'azure-openai', 'bedrock', 'gateway', 'langchain', 'litellm', 'llm', 'llm-gateway', 'llmops', 'mcp-gateway', 'openai', 'openai-proxy', 'vertex-ai']",30,30,758,-1,19.05,llm language:Python stars:>=100 pushed:>=2022-11-01,1,,,,,
634081686,mlc-llm,mlc-ai/mlc-llm,Universal LLM Deployment Engine with ML Compilation,https://github.com/mlc-ai/mlc-llm,21176,1799,2023-04-29T01:59:25Z,2025-08-23T18:20:10Z,Python,35554,316,"['language-model', 'llm', 'machine-learning-compilation', 'tvm']",30,30,847,-1,19.05,llm language:Python stars:>=100 pushed:>=2022-11-01,1,,,,,
139199684,prefect,PrefectHQ/prefect,Prefect is a workflow orchestration framework for building resilient data pipelines in Python.,https://github.com/PrefectHQ/prefect,20149,1914,2018-06-29T21:59:26Z,2025-08-23T18:37:43Z,Python,188356,1029,"['automation', 'data', 'data-engineering', 'data-ops', 'data-science', 'infrastructure', 'ml-ops', 'observability', 'orchestration', 'pipeline', 'prefect', 'python', 'workflow', 'workflow-engine']",30,30,2611,-1,19.05,workflow language:Python stars:>=100 pushed:>=2022-11-01,20,,,,,
740303686,sglang,sgl-project/sglang,SGLang is a fast serving framework for large language models and vision language models.,https://github.com/sgl-project/sglang,17111,2702,2024-01-08T04:15:52Z,2025-08-23T18:42:38Z,Python,31952,1131,"['blackwell', 'cuda', 'deepseek', 'deepseek-r1', 'deepseek-v3', 'gpt-oss', 'inference', 'kimi', 'llama', 'llama3', 'llama4', 'llava', 'llm', 'llm-serving', 'moe', 'openai', 'pytorch', 'qwen3', 'transformer', 'vlm']",30,30,593,-1,19.05,llm language:Python stars:>=100 pushed:>=2022-11-01,1,,,,,
200722670,NeMo,NVIDIA/NeMo,"A scalable generative AI framework built for researchers and developers working on Large Language Models, Multimodal, and Speech AI (Automatic Speech Recognition and Text-to-Speech)",https://github.com/NVIDIA/NeMo,15484,3065,2019-08-05T20:16:42Z,2025-08-23T18:14:10Z,Python,480186,156,"['asr', 'deeplearning', 'generative-ai', 'large-language-models', 'machine-translation', 'multimodal', 'neural-networks', 'speaker-diariazation', 'speaker-recognition', 'speech-synthesis', 'speech-translation', 'tts']",30,30,2209,-1,19.05,"""large-language-model"" language:Python stars:>=100 pushed:>=2022-11-01",31,,,,,
764723738,skyvern,Skyvern-AI/skyvern,Automate browser-based workflows with LLMs and Computer Vision,https://github.com/Skyvern-AI/skyvern,14128,1178,2024-02-28T15:45:19Z,2025-08-23T18:31:16Z,Python,264022,167,"['api', 'automation', 'browser', 'browser-automation', 'computer', 'gpt', 'llm', 'playwright', 'python', 'rpa', 'vision', 'workflow']",30,30,541,-1,19.05,llm language:Python stars:>=100 pushed:>=2022-11-01,1,,,,,
633262635,onyx,onyx-dot-app/onyx,Gen-AI Chat for Teams - Think ChatGPT if it had access to your team's unique knowledge.,https://github.com/onyx-dot-app/onyx,13335,1842,2023-04-27T06:04:01Z,2025-08-23T18:25:31Z,Python,63410,219,"['ai', 'ai-chat', 'chatgpt', 'enterprise-search', 'gen-ai', 'information-retrieval', 'llm', 'llm-ui', 'nextjs', 'python', 'rag']",30,30,849,-1,19.05,llm language:Python stars:>=100 pushed:>=2022-11-01,1,,,,,
575865240,AstrBot,AstrBotDevs/AstrBot,✨ 易上手的多平台 LLM 聊天机器人及开发框架 ✨ 支持 QQ、QQ频道、Telegram、企微、飞书、钉钉 | 知识库、MCP 服务器、OpenAI、DeepSeek、Gemini、硅基流动、月之暗面、Ollama、OneAPI、Dify,https://github.com/AstrBotDevs/AstrBot,11645,833,2022-12-08T13:27:46Z,2025-08-23T16:23:12Z,Python,33720,329,"['agent', 'ai', 'chatbot', 'chatgpt', 'docker', 'gemini', 'gpt', 'llama', 'llm', 'mcp', 'openai', 'python', 'qq', 'qqbot', 'qqchannel', 'telegram']",30,30,989,-1,19.05,llm language:Python stars:>=100 pushed:>=2022-11-01,1,,,,,
676829188,deepeval,confident-ai/deepeval,The LLM Evaluation Framework,https://github.com/confident-ai/deepeval,10328,894,2023-08-10T05:35:04Z,2025-08-23T19:36:41Z,Python,96988,208,"['evaluation-framework', 'evaluation-metrics', 'llm-evaluation', 'llm-evaluation-framework', 'llm-evaluation-metrics']",30,30,744,-1,19.05,llm language:Python stars:>=100 pushed:>=2022-11-01,1,,,,,
614765452,AutoGPT,Significant-Gravitas/AutoGPT,"AutoGPT is the vision of accessible AI for everyone, to use and to build on. Our mission is to provide the tools, so that you can focus on what matters.",https://github.com/Significant-Gravitas/AutoGPT,178016,45946,2023-03-16T09:21:07Z,2025-08-23T15:47:40Z,Python,275224,226,"['ai', 'artificial-intelligence', 'autonomous-agents', 'gpt-4', 'llama-api', 'openai', 'python']",30,30,891,0,19.0,openai language:Python stars:>=100 pushed:>=2022-11-01,24,,,,,
155220641,transformers,huggingface/transformers,"🤗 Transformers: the model-definition framework for state-of-the-art machine learning models in text, vision, audio, and multimodal models, for both inference and training. ",https://github.com/huggingface/transformers,148714,30143,2018-10-29T13:56:00Z,2025-08-23T10:30:20Z,Python,353049,1967,"['audio', 'deep-learning', 'deepseek', 'gemma', 'glm', 'hacktoberfest', 'llm', 'machine-learning', 'model-hub', 'natural-language-processing', 'nlp', 'pretrained-models', 'python', 'pytorch', 'pytorch-transformers', 'qwen', 'speech-recognition', 'transformer', 'vlm']",30,30,2490,0,19.0,llm language:Python stars:>=100 pushed:>=2022-11-01,1,,,,,
599320067,langflow,langflow-ai/langflow,Langflow is a powerful tool for building and deploying AI-powered agents and workflows.,https://github.com/langflow-ai/langflow,104868,7410,2023-02-08T22:28:03Z,2025-08-23T12:38:11Z,Python,819960,864,"['agents', 'chatgpt', 'generative-ai', 'large-language-models', 'multiagent', 'react-flow']",30,30,926,0,19.0,agent language:Python stars:>=100 pushed:>=2022-11-01,19,,,,,
616372661,gpt_academic,binary-husky/gpt_academic,"为GPT/GLM等LLM大语言模型提供实用化交互接口，特别优化论文阅读/润色/写作体验，模块化设计，支持自定义快捷按钮&函数插件，支持Python和C++等项目剖析&自译解功能，PDF/LaTex论文翻译&总结功能，支持并行问询多种LLM模型，支持chatglm3等本地模型。接入通义千问, deepseekcoder, 讯飞星火, 文心一言, llama2, rwkv, claude2, moss等。",https://github.com/binary-husky/gpt_academic,69156,8369,2023-03-20T09:05:13Z,2025-08-23T11:19:41Z,Python,72516,285,"['academic', 'chatglm-6b', 'chatgpt', 'gpt-4', 'large-language-models']",30,30,887,0,19.0,llm language:Python stars:>=100 pushed:>=2022-11-01,1,,,,,
3638964,ansible,ansible/ansible,"Ansible is a radically simple IT automation platform that makes your applications and systems easier to deploy and maintain. Automate everything from code deployment to network configuration to cloud management, in a language that approaches plain English, using SSH, with no agents to install on remote systems. https://docs.ansible.com.",https://github.com/ansible/ansible,66021,24061,2012-03-06T14:58:02Z,2025-08-22T22:31:46Z,Python,260681,859,"['ansible', 'python']",30,30,4918,0,19.0,agent language:Python stars:>=100 pushed:>=2022-11-01,19,,,,,
646410686,LLaMA-Factory,hiyouga/LLaMA-Factory,Unified Efficient Fine-Tuning of 100+ LLMs & VLMs (ACL 2024),https://github.com/hiyouga/LLaMA-Factory,56631,6936,2023-05-28T10:09:12Z,2025-08-23T15:04:32Z,Python,55495,617,"['agent', 'ai', 'deepseek', 'fine-tuning', 'gemma', 'gpt', 'instruction-tuning', 'large-language-models', 'llama', 'llama3', 'llm', 'lora', 'moe', 'nlp', 'peft', 'qlora', 'quantization', 'qwen', 'rlhf', 'transformers']",30,30,818,0,19.0,llm language:Python stars:>=100 pushed:>=2022-11-01,1,,,,,
580642043,text-generation-webui,oobabooga/text-generation-webui,"LLM UI with advanced features, easy setup, and multiple backend support.",https://github.com/oobabooga/text-generation-webui,44783,5768,2022-12-21T04:17:37Z,2025-08-22T21:43:28Z,Python,30740,2585,[],30,30,976,0,19.0,llm language:Python stars:>=100 pushed:>=2022-11-01,1,,,,,
560704231,llama_index,run-llama/llama_index,LlamaIndex is the leading framework for building LLM-powered agents over your data.,https://github.com/run-llama/llama_index,43854,6304,2022-11-02T04:24:54Z,2025-08-22T21:04:28Z,Python,330709,276,"['agents', 'application', 'data', 'fine-tuning', 'framework', 'llamaindex', 'llm', 'multi-agents', 'rag', 'vector-database']",30,30,1025,0,19.0,llm language:Python stars:>=100 pushed:>=2022-11-01,1,,,,,
656099147,mem0,mem0ai/mem0,Universal memory layer for AI Agents; Announcing OpenMemory MCP - local and secure memory management.,https://github.com/mem0ai/mem0,38646,4025,2023-06-20T08:58:36Z,2025-08-23T15:36:19Z,Python,41628,481,"['agents', 'ai', 'ai-agents', 'application', 'chatbots', 'chatgpt', 'genai', 'llm', 'long-term-memory', 'memory', 'memory-management', 'python', 'rag', 'state-management']",30,30,795,0,19.0,llm language:Python stars:>=100 pushed:>=2022-11-01,1,,,,,
71932349,ray,ray-project/ray,Ray is an AI compute engine. Ray consists of a core distributed runtime and a set of AI Libraries for accelerating ML workloads.,https://github.com/ray-project/ray,38602,6730,2016-10-25T19:38:30Z,2025-08-23T07:51:21Z,Python,585125,3012,"['data-science', 'deep-learning', 'deployment', 'distributed', 'hyperparameter-optimization', 'hyperparameter-search', 'large-language-models', 'llm', 'llm-inference', 'llm-serving', 'machine-learning', 'optimization', 'parallel', 'python', 'pytorch', 'ray', 'reinforcement-learning', 'rllib', 'serving', 'tensorflow']",30,30,3223,0,19.0,llm language:Python stars:>=100 pushed:>=2022-11-01,1,,,,,
143328315,mindsdb,mindsdb/mindsdb,AI Analytics Engine that can answer questions over large scale data. - The only MCP Server you'll ever need,https://github.com/mindsdb/mindsdb,35379,5715,2018-08-02T17:56:45Z,2025-08-22T19:56:59Z,Python,264374,126,"['agents', 'agi', 'ai', 'analytics', 'artificial-inteligence', 'business-intelligence', 'databases', 'llms', 'mcp', 'rag']",30,30,2577,0,19.0,rag language:Python stars:>=100 pushed:>=2022-11-01,13,,,,,
154739597,jax,jax-ml/jax,"Composable transformations of Python+NumPy programs: differentiate, vectorize, JIT to GPU/TPU, and more",https://github.com/jax-ml/jax,33253,3136,2018-10-25T21:25:02Z,2025-08-23T08:10:16Z,Python,132296,2258,['jax'],30,30,2493,0,19.0,vector language:Python stars:>=100 pushed:>=2022-11-01,14,,,,,
136202695,mlflow,mlflow/mlflow,"The open source developer platform to build AI/LLM applications and models with confidence. Enhance your AI applications with end-to-end tracking, observability, and evaluations, all in one integrated platform.",https://github.com/mlflow/mlflow,21725,4769,2018-06-05T16:05:58Z,2025-08-22T21:43:01Z,Python,896523,1972,"['agentops', 'agents', 'ai', 'ai-governance', 'apache-spark', 'evaluation', 'langchain', 'llm-evaluation', 'llmops', 'machine-learning', 'ml', 'mlflow', 'mlops', 'model-management', 'observability', 'open-source', 'openai', 'prompt-engineering']",30,30,2635,0,19.0,llm language:Python stars:>=100 pushed:>=2022-11-01,1,,,,,
676672661,langgraph,langchain-ai/langgraph,Build resilient language agents as graphs.,https://github.com/langchain-ai/langgraph,17637,3030,2023-08-09T18:33:12Z,2025-08-22T19:16:37Z,Python,491774,261,[],30,30,744,0,19.0,agent language:Python stars:>=100 pushed:>=2022-11-01,19,,,,,
250510075,trl,huggingface/trl,Train transformer language models with reinforcement learning.,https://github.com/huggingface/trl,15206,2139,2020-03-27T10:54:55Z,2025-08-22T22:45:26Z,Python,12423,530,[],30,30,1975,0,19.0,transformers language:Python stars:>=100 pushed:>=2022-11-01,4,,,,,
615510678,camel,camel-ai/camel,🐫 CAMEL: The first and the best multi-agent framework. Finding the Scaling Law of Agents. https://www.camel-ai.org,https://github.com/camel-ai/camel,13931,1523,2023-03-17T21:41:54Z,2025-08-23T15:09:55Z,Python,458245,580,"['agent', 'ai-societies', 'artificial-intelligence', 'communicative-ai', 'cooperative-ai', 'deep-learning', 'large-language-models', 'multi-agent-systems', 'natural-language-processing']",30,30,889,0,19.0,agent language:Python stars:>=100 pushed:>=2022-11-01,19,,,,,
131619646,dagster,dagster-io/dagster,"An orchestration platform for the development, production, and observation of data assets.",https://github.com/dagster-io/dagster,13864,1788,2018-04-30T16:30:04Z,2025-08-23T00:39:26Z,Python,1435069,2964,"['analytics', 'dagster', 'data-engineering', 'data-integration', 'data-orchestrator', 'data-pipelines', 'data-science', 'etl', 'metadata', 'mlops', 'orchestration', 'python', 'scheduler', 'workflow', 'workflow-automation']",30,30,2671,0,19.0,workflow language:Python stars:>=100 pushed:>=2022-11-01,20,,,,,
176982014,Megatron-LM,NVIDIA/Megatron-LM,Ongoing research training transformer models at scale,https://github.com/NVIDIA/Megatron-LM,13322,3031,2019-03-21T16:15:52Z,2025-08-23T05:02:06Z,Python,26580,407,"['large-language-models', 'model-para', 'transformers']",30,30,2346,0,19.0,transformers language:Python stars:>=100 pushed:>=2022-11-01,4,,,,,
575321313,LangBot,langbot-app/LangBot,🤩 Easy-to-use global IM bot platform designed for the LLM era / 简单易用的大模型即时通信机器人开发平台 ⚡️ Bots for QQ / QQ频道 / Discord / WeChat（微信）/ Telegram / 飞书 / 钉钉 / Slack 🧩 Integrated with ChatGPT（GPT)、DeepSeek、Dify、n8n、Claude、Google Gemini、xAI、PPIO、Ollama、阿里云百炼、SiliconFlow、Qwen、Moonshot(Kimi K2)、SillyTraven、MCP、WeClone etc. LLM & Agent & RAG,https://github.com/langbot-app/LangBot,13114,1048,2022-12-07T08:48:02Z,2025-08-23T15:03:57Z,Python,35300,114,"['agent', 'ai', 'chatgpt', 'deepseek', 'dify', 'dingtalk', 'discord', 'feishu', 'kimi', 'langbot', 'lark', 'llm', 'n8n', 'ollama', 'openai', 'plugins', 'qq', 'rag', 'telegram', 'wechat']",30,30,990,0,19.0,llm language:Python stars:>=100 pushed:>=2022-11-01,1,,,,,
638951438,opik,comet-ml/opik,"Debug, evaluate, and monitor your LLM applications, RAG systems, and agentic workflows with comprehensive tracing, automated evaluations, and production-ready dashboards.",https://github.com/comet-ml/opik,12913,900,2023-05-10T12:57:13Z,2025-08-23T13:21:47Z,Python,296999,116,"['langchain', 'llama-index', 'llm', 'llm-evaluation', 'llm-observability', 'llmops', 'open-source', 'openai', 'playground', 'prompt-engineering']",30,30,836,0,19.0,llm language:Python stars:>=100 pushed:>=2022-11-01,1,,,,,
653589102,instructor,567-labs/instructor,structured outputs for llms ,https://github.com/567-labs/instructor,11266,841,2023-06-14T10:42:23Z,2025-08-23T04:57:48Z,Python,136497,65,"['openai', 'openai-function-calli', 'openai-functions', 'pydantic-v2', 'python', 'validation']",30,30,801,0,19.0,llm language:Python stars:>=100 pushed:>=2022-11-01,1,,,,,
637924634,ragas,explodinggradients/ragas,Supercharge Your LLM Application Evaluations 🚀,https://github.com/explodinggradients/ragas,10441,1034,2023-05-08T17:48:04Z,2025-08-23T12:38:17Z,Python,45426,434,"['evaluation', 'llm', 'llmops']",30,30,837,0,19.0,llm language:Python stars:>=100 pushed:>=2022-11-01,1,,,,,
627727693,axolotl,axolotl-ai-cloud/axolotl,Go ahead and axolotl questions,https://github.com/axolotl-ai-cloud/axolotl,10263,1119,2023-04-14T04:25:47Z,2025-08-23T11:33:42Z,Python,21760,185,"['fine-tuning', 'llm']",30,30,862,0,19.0,llm language:Python stars:>=100 pushed:>=2022-11-01,1,,,,,
86031674,wandb,wandb/wandb,"The AI developer platform. Use Weights & Biases to train and fine-tune models, and manage models from experimentation to production.",https://github.com/wandb/wandb,10256,768,2017-03-24T05:46:23Z,2025-08-23T03:41:11Z,Python,186153,808,"['ai', 'collaboration', 'data-science', 'data-versioning', 'deep-learning', 'experiment-track', 'hyperparameter-optimization', 'hyperparameter-search', 'hyperparameter-tuning', 'jax', 'keras', 'machine-learning', 'ml-platform', 'mlops', 'model-versioning', 'pytorch', 'reinforcement-learning', 'reproducibility', 'tensorflow']",30,30,3074,0,19.0,"""fine-tuning"" language:Python stars:>=100 pushed:>=2022-11-01",8,,,,,
262296122,PaddleOCR,PaddlePaddle/PaddleOCR,"Awesome multilingual OCR and Document Parsing toolkits based on PaddlePaddle (practical ultra lightweight OCR system, support 80+ languages recognition, provide data annotation and synthesis tools, support training and deployment among server, mobile, embedded and IoT devices)",https://github.com/PaddlePaddle/PaddleOCR,52932,8538,2020-05-08T10:38:16Z,2025-08-22T07:00:54Z,Python,1555986,197,"['chatocr', 'chineseocr', 'crnn', 'db', 'document-parsing', 'ocr', 'ocrlite', 'pdf2markdown', 'pp-ocr', 'pp-structure']",30,30,1933,1,18.95,embedding language:Python stars:>=100 pushed:>=2022-11-01,15,,,,,
798201435,crawl4ai,unclecode/crawl4ai,"🚀🤖 Crawl4AI: Open-source LLM Friendly Web Crawler & Scraper. Don't be shy, join here: https://discord.gg/jP8KfhDhyN",https://github.com/unclecode/crawl4ai,51448,5112,2024-05-09T09:48:50Z,2025-08-22T04:05:28Z,Python,146288,236,[],30,30,471,1,18.95,llm language:Python stars:>=100 pushed:>=2022-11-01,1,,,,,
725205304,unsloth,unslothai/unsloth,"Fine-tuning & Reinforcement Learning for LLMs. 🦥 Train OpenAI gpt-oss, Qwen3, Llama 4, DeepSeek-R1, Gemma 3, TTS 2x faster with 70% less VRAM.",https://github.com/unslothai/unsloth,44568,3608,2023-11-29T16:50:09Z,2025-08-22T11:03:02Z,Python,7655,796,"['agent', 'ai', 'deepseek', 'deepseek-r1', 'fine-tuning', 'gemma', 'gemma3', 'gpt-oss', 'llama', 'llama3', 'llm', 'llms', 'lora', 'mistral', 'openai', 'qwen', 'qwen3', 'text-to-speech', 'tts', 'unsloth']",30,30,632,1,18.95,llm language:Python stars:>=100 pushed:>=2022-11-01,1,,,,,
235860204,DeepSpeed,deepspeedai/DeepSpeed,"DeepSpeed is a deep learning optimization library that makes distributed training and inference easy, efficient, and effective.",https://github.com/deepspeedai/DeepSpeed,39842,4525,2020-01-23T18:35:18Z,2025-08-22T02:59:00Z,Python,232059,1200,"['billion-parameters', 'compression', 'data-parallelism', 'deep-learning', 'gpu', 'inference', 'machine-learning', 'mixture-of-experts', 'model-parallelism', 'pipeline-parallelism', 'pytorch', 'trillion-parameters', 'zero']",30,30,2038,1,18.95,inference language:Python stars:>=100 pushed:>=2022-11-01,10,,,,,
307213173,openai-python,openai/openai-python,The official Python library for the OpenAI API,https://github.com/openai/openai-python,28446,4203,2020-10-25T23:23:54Z,2025-08-21T21:10:49Z,Python,6051,138,"['openai', 'python']",30,30,1762,1,18.95,openai language:Python stars:>=100 pushed:>=2022-11-01,24,,,,,
70908208,rasa,RasaHQ/rasa,"💬   Open source machine learning framework to automate text- and voice-based conversations: NLU, dialogue management, connect to Slack, Facebook, and more - Create chatbots and voice assistants",https://github.com/RasaHQ/rasa,20557,4835,2016-10-14T12:27:49Z,2025-08-22T15:28:26Z,Python,1610976,141,"['bot', 'bot-framework', 'botkit', 'bots', 'chatbot', 'chatbots', 'chatbots-framework', 'conversation-driven-development', 'conversational-agents', 'conversational-ai', 'conversational-bots', 'machine-learning', 'machine-learning-library', 'mitie', 'natural-language-processing', 'nlp', 'nlu', 'rasa', 'spacy', 'wit']",30,30,3235,1,18.95,chatbot language:Python stars:>=100 pushed:>=2022-11-01,27,,,,,
570384908,peft,huggingface/peft,🤗 PEFT: State-of-the-art Parameter-Efficient Fine-Tuning.,https://github.com/huggingface/peft,19382,2005,2022-11-25T03:51:09Z,2025-08-21T15:58:14Z,Python,21733,51,"['adapter', 'diffusion', 'fine-tuning', 'llm', 'lora', 'parameter-efficient-learning', 'peft', 'python', 'pytorch', 'transformers']",30,30,1002,1,18.95,llm language:Python stars:>=100 pushed:>=2022-11-01,1,,,,,
460914281,taipy,Avaiga/taipy,Turns Data and AI algorithms into production-ready web applications in no time.,https://github.com/Avaiga/taipy,18565,1917,2022-02-18T15:55:45Z,2025-08-22T15:38:34Z,Python,158057,172,"['automation', 'data-engineering', 'data-integration', 'data-ops', 'data-visualization', 'datascience', 'developer-tools', 'hacktoberfest', 'hacktoberfest2023', 'job-scheduler', 'mlops', 'orchestration', 'pipeline', 'pipelines', 'python', 'scenario', 'scenario-analysis', 'taipy-core', 'taipy-gui', 'workflow']",30,30,1282,1,18.95,workflow language:Python stars:>=100 pushed:>=2022-11-01,20,,,,,
691347156,MaxKB,1Panel-dev/MaxKB,🔥 MaxKB is an open-source platform for building enterprise-grade agents.  MaxKB 是强大易用的开源企业级智能体平台。,https://github.com/1Panel-dev/MaxKB,17815,2326,2023-09-14T02:05:12Z,2025-08-22T09:56:43Z,Python,56449,124,"['agent', 'agentic-ai', 'chatbot', 'deepseek-r1', 'knowledgebase', 'langchain', 'llama3', 'llm', 'maxkb', 'mcp-server', 'ollama', 'pgvector', 'qwen3', 'rag']",30,30,709,1,18.95,llm language:Python stars:>=100 pushed:>=2022-11-01,1,,,,,
840056306,graphiti,getzep/graphiti,Build Real-Time Knowledge Graphs for AI Agents,https://github.com/getzep/graphiti,17193,1518,2024-08-08T22:08:30Z,2025-08-21T22:39:24Z,Python,9811,123,"['agents', 'graph', 'llms', 'rag']",30,30,379,1,18.95,rag language:Python stars:>=100 pushed:>=2022-11-01,13,,,,,
336274588,PaddleNLP,PaddlePaddle/PaddleNLP,Easy-to-use and powerful LLM and SLM library with awesome model zoo.,https://github.com/PaddlePaddle/PaddleNLP,12742,3065,2021-02-05T13:07:42Z,2025-08-22T07:20:15Z,Python,116587,591,"['bert', 'compression', 'distributed-training', 'document-intelligence', 'embedding', 'ernie', 'information-extraction', 'llama', 'llm', 'neural-search', 'nlp', 'paddlenlp', 'pretrained-models', 'question-answering', 'search-engine', 'semantic-analysis', 'sentiment-analysis', 'transformers', 'uie']",30,30,1660,1,18.95,llm language:Python stars:>=100 pushed:>=2022-11-01,1,,,,,
642608852,gorilla,ShishirPatil/gorilla,Gorilla: Training and Evaluating LLMs for Function Calls (Tool Calls),https://github.com/ShishirPatil/gorilla,12348,1209,2023-05-19T00:46:45Z,2025-08-21T21:08:34Z,Python,378926,189,"['api', 'api-documentation', 'chatgpt', 'claude-api', 'gpt-4-api', 'llm', 'openai-api', 'openai-functions']",30,30,827,1,18.95,llm language:Python stars:>=100 pushed:>=2022-11-01,1,,,,,
818331198,pydantic-ai,pydantic/pydantic-ai,Agent Framework / shim to use Pydantic with LLMs,https://github.com/pydantic/pydantic-ai,11780,1152,2024-06-21T15:55:04Z,2025-08-22T11:06:06Z,Python,32278,306,"['agent-framework', 'llms', 'pydantic', 'python']",30,30,427,1,18.95,llm language:Python stars:>=100 pushed:>=2022-11-01,1,,,,,
173333035,segmentation_models.pytorch,qubvel-org/segmentation_models.pytorch,Semantic segmentation models with 500+ pretrained convolutional and transformer-based backbones.,https://github.com/qubvel-org/segmentation_models.pytorch,10820,1775,2019-03-01T16:21:21Z,2025-08-22T02:00:13Z,Python,19019,69,"['computer-vision', 'deeplab-v3-plus', 'deeplabv3', 'dpt', 'fpn', 'image-processing', 'image-segmentation', 'imagenet', 'models', 'pretrained-weights', 'pspnet', 'pytorch', 'segformer', 'segmentation', 'segmentation-models', 'semantic-segmentation', 'transformers', 'unet', 'unet-pytorch', 'unetplusplus']",30,30,2366,1,18.95,transformers language:Python stars:>=100 pushed:>=2022-11-01,4,,,,,
221654678,haystack,deepset-ai/haystack,"AI orchestration framework to build customizable, production-ready LLM applications. Connect components (models, vector DBs, file converters) to pipelines or agents that can interact with your data. With advanced retrieval methods, it's best suited for building RAG, question answering, semantic search or conversational agent chatbots.",https://github.com/deepset-ai/haystack,21981,2317,2019-11-14T09:05:28Z,2025-08-21T14:00:33Z,Python,51550,116,"['agent', 'agents', 'ai', 'gemini', 'generative-ai', 'gpt-4', 'information-retrieval', 'large-language-models', 'llm', 'machine-learning', 'nlp', 'orchestration', 'python', 'pytorch', 'question-answering', 'rag', 'retrieval-augmented-generation', 'semantic-search', 'summarization', 'transformers']",30,30,2109,2,18.9,llm language:Python stars:>=100 pushed:>=2022-11-01,1,,,,,
250213286,datasets,huggingface/datasets,"🤗 The largest hub of ready-to-use datasets for AI models with fast, easy-to-use and efficient data manipulation tools",https://github.com/huggingface/datasets,20544,2909,2020-03-26T09:23:22Z,2025-08-20T16:35:55Z,Python,89334,961,"['ai', 'artificial-intelligence', 'computer-vision', 'dataset-hub', 'datasets', 'deep-learning', 'llm', 'machine-learning', 'natural-language-processing', 'nlp', 'numpy', 'pandas', 'pytorch', 'speech', 'tensorflow']",30,30,1976,2,18.9,llm language:Python stars:>=100 pushed:>=2022-11-01,1,,,,,
703411624,letta,letta-ai/letta,"Letta (formerly MemGPT) is the stateful agents framework with memory, reasoning, and context management.",https://github.com/letta-ai/letta,18020,1878,2023-10-11T07:38:37Z,2025-08-20T21:34:29Z,Python,46646,73,"['ai', 'ai-agents', 'llm', 'llm-agent']",30,30,682,2,18.9,llm language:Python stars:>=100 pushed:>=2022-11-01,1,,,,,
627480054,DB-GPT,eosphoros-ai/DB-GPT,AI Native Data App Development framework with AWEL(Agentic Workflow Expression Language) and Agents,https://github.com/eosphoros-ai/DB-GPT,17193,2391,2023-04-13T14:52:43Z,2025-08-21T10:09:29Z,Python,400383,447,"['agents', 'bgi', 'database', 'deepseek', 'gpt', 'gpt-4', 'hacktoberfest', 'llm', 'private', 'rag', 'security', 'vicuna']",30,30,863,2,18.9,llm language:Python stars:>=100 pushed:>=2022-11-01,1,,,,,
823430322,CosyVoice,FunAudioLLM/CosyVoice,"Multi-lingual large voice generation model, providing inference, training and deployment full-stack ability.",https://github.com/FunAudioLLM/CosyVoice,15936,1708,2024-07-03T02:59:22Z,2025-08-21T04:51:00Z,Python,1948,839,"['audio-generation', 'cantonese', 'chatbot', 'chatgpt', 'chinese', 'cosyvoice', 'cross-lingual', 'english', 'fine-grained', 'fine-tuning', 'gpt-4o', 'japanese', 'korean', 'multi-lingual', 'natural-language-generation', 'python', 'text-to-speech', 'tts', 'voice-cloning']",30,30,416,2,18.9,"""fine-tuning"" language:Python stars:>=100 pushed:>=2022-11-01",8,,,,,
636372163,litgpt,Lightning-AI/litgpt,"20+ high-performance LLMs with recipes to pretrain, finetune and deploy at scale.",https://github.com/Lightning-AI/litgpt,12659,1301,2023-05-04T17:46:11Z,2025-08-21T09:32:41Z,Python,5744,231,"['ai', 'artificial-intelligence', 'deep-learning', 'large-language-models', 'llm', 'llm-inference', 'llms']",30,30,841,2,18.9,llm language:Python stars:>=100 pushed:>=2022-11-01,1,,,,,
660489378,promptflow,microsoft/promptflow,"Build high-quality LLM apps - from prototyping, testing to production deployment and monitoring.",https://github.com/microsoft/promptflow,10691,1013,2023-06-30T06:03:06Z,2025-08-21T04:55:45Z,Python,170347,70,"['ai', 'ai-application-development', 'ai-applications', 'chatgpt', 'gpt', 'llm', 'prompt', 'prompt-engineering']",30,30,785,2,18.9,llm language:Python stars:>=100 pushed:>=2022-11-01,1,,,,,
547806116,text-generation-inference,huggingface/text-generation-inference,Large Language Model Text Generation Inference,https://github.com/huggingface/text-generation-inference,10442,1228,2022-10-08T10:26:28Z,2025-08-21T08:04:30Z,Python,13729,308,"['bloom', 'deep-learning', 'falcon', 'gpt', 'inference', 'nlp', 'pytorch', 'starcoder', 'transformer']",30,30,1050,2,18.9,inference language:Python stars:>=100 pushed:>=2022-11-01,10,,,,,
416849738,xformers,facebookresearch/xformers,"Hackable and optimized Transformers building blocks, supporting a composable construction.",https://github.com/facebookresearch/xformers,9877,711,2021-10-13T18:08:50Z,2025-08-23T06:47:00Z,Python,43550,344,[],30,30,1409,0,18.88,transformers language:Python stars:>=100 pushed:>=2022-11-01,4,,,,,
323048702,OpenBB,OpenBB-finance/OpenBB,"Financial data platform for analysts, quants and AI agents.",https://github.com/OpenBB-finance/OpenBB,51070,4789,2020-12-20T10:46:38Z,2025-08-20T03:18:48Z,Python,2362983,58,"['ai', 'crypto', 'derivatives', 'economics', 'equity', 'finance', 'fixed-income', 'machine-learning', 'openbb', 'options', 'python', 'quantitative-finance', 'stocks']",30,30,1707,3,18.85,agent language:Python stars:>=100 pushed:>=2022-11-01,19,,,,,
680120071,autogen,microsoft/autogen,A programming framework for agentic AI 🤖 PyPi: autogen-agentchat Discord: https://aka.ms/autogen-discord Office Hour: https://aka.ms/autogen-officehour,https://github.com/microsoft/autogen,49023,7482,2023-08-18T11:43:45Z,2025-08-20T06:43:11Z,Python,147659,472,"['agentic', 'agentic-agi', 'agents', 'ai', 'autogen', 'autogen-ecosystem', 'chatgpt', 'framework', 'llm-agent', 'llm-framework']",30,30,736,3,18.85,autogen language:Python stars:>=100 pushed:>=2022-11-01,17,,,,,
639835356,gpt-researcher,assafelovic/gpt-researcher,LLM based autonomous agent that conducts deep local and web research on any topic and generates a long report with citations.,https://github.com/assafelovic/gpt-researcher,23150,3052,2023-05-12T10:33:54Z,2025-08-20T06:15:15Z,Python,38982,141,"['agent', 'ai', 'automation', 'deepresearch', 'llms', 'mcp', 'mcp-server', 'python', 'research', 'search', 'webscraping']",30,30,834,3,18.85,llm language:Python stars:>=100 pushed:>=2022-11-01,1,,,,,
290909192,lm-evaluation-harness,EleutherAI/lm-evaluation-harness,A framework for few-shot evaluation of language models.,https://github.com/EleutherAI/lm-evaluation-harness,9899,2655,2020-08-28T00:09:15Z,2025-08-22T09:19:58Z,Python,32195,627,"['evaluation-framework', 'language-model', 'transformer']",30,30,1821,1,18.85,evaluation language:Python stars:>=100 pushed:>=2022-11-01,21,,,,,
287463830,qlib,microsoft/qlib,"Qlib is an AI-oriented Quant investment platform that aims to use AI tech to empower Quant Research, from exploring ideas to implementing productions. Qlib supports diverse ML modeling paradigms, including supervised learning, market dynamics modeling, and RL, and is now equipped with https://github.com/microsoft/RD-Agent to automate R&D process.",https://github.com/microsoft/qlib,28731,4440,2020-08-14T06:46:00Z,2025-08-19T09:46:10Z,Python,17882,292,"['algorithmic-trading', 'auto-quant', 'deep-learning', 'finance', 'fintech', 'investment', 'machine-learning', 'paper', 'platform', 'python', 'quant', 'quant-dataset', 'quant-models', 'quantitative-finance', 'quantitative-trading', 'research', 'research-paper', 'stock-data']",30,30,1835,4,18.8,agent language:Python stars:>=100 pushed:>=2022-11-01,19,,,,,
778431525,graphrag,microsoft/graphrag,A modular graph-based Retrieval-Augmented Generation (RAG) system,https://github.com/microsoft/graphrag,27440,2844,2024-03-27T17:57:52Z,2025-08-19T13:09:39Z,Python,216019,161,"['gpt', 'gpt-4', 'gpt4', 'graphrag', 'llm', 'llms', 'rag']",30,30,513,4,18.8,llm language:Python stars:>=100 pushed:>=2022-11-01,1,,,,,
780737106,SWE-agent,SWE-agent/SWE-agent,"SWE-agent takes a GitHub issue and tries to automatically fix it, using your LM of choice. It can also be employed for offensive cybersecurity or competitive coding challenges. [NeurIPS 2024] ",https://github.com/SWE-agent/SWE-agent,17099,1786,2024-04-02T04:09:47Z,2025-08-18T21:14:32Z,Python,60688,56,"['agent', 'agent-based-model', 'ai', 'cybersecurity', 'developer-tools', 'llm', 'lms']",30,30,508,4,18.8,llm language:Python stars:>=100 pushed:>=2022-11-01,1,,,,,
163346054,ludwig,ludwig-ai/ludwig,"Low-code framework for building custom LLMs, neural networks, and other AI models",https://github.com/ludwig-ai/ludwig,11572,1220,2018-12-27T23:58:12Z,2025-08-18T20:39:53Z,Python,33366,57,"['computer-vision', 'data-centric', 'data-science', 'deep', 'deep-learning', 'deeplearning', 'fine-tuning', 'learning', 'llama', 'llama2', 'llm', 'llm-training', 'machine-learning', 'machinelearning', 'mistral', 'ml', 'natural-language', 'natural-language-processing', 'neural-network', 'pytorch']",30,30,2430,4,18.8,llm language:Python stars:>=100 pushed:>=2022-11-01,1,,,,,
673596675,FlagEmbedding,FlagOpen/FlagEmbedding,Retrieval and Retrieval-augmented LLMs,https://github.com/FlagOpen/FlagEmbedding,10395,771,2023-08-02T02:08:11Z,2025-08-19T14:58:41Z,Python,51795,865,"['embeddings', 'information-retrieval', 'llm', 'retrieval-augmented-generation', 'sentence-embeddings', 'text-semantic-similarity']",30,30,752,4,18.8,llm language:Python stars:>=100 pushed:>=2022-11-01,1,,,,,
534011733,Gymnasium,Farama-Foundation/Gymnasium,"An API standard for single-agent reinforcement learning environments, with popular reference environments and related utilities (formerly Gym)",https://github.com/Farama-Foundation/Gymnasium,9959,1094,2022-09-08T01:58:05Z,2025-08-18T21:53:21Z,Python,356948,75,"['api', 'gym', 'reinforcement-learning']",30,30,1080,4,18.76,agent language:Python stars:>=100 pushed:>=2022-11-01,19,,,,,
422274596,ColossalAI,hpcaitech/ColossalAI,"Making large AI models cheaper, faster and more accessible",https://github.com/hpcaitech/ColossalAI,41108,4526,2021-10-28T16:19:44Z,2025-08-18T09:10:00Z,Python,66376,475,"['ai', 'big-model', 'data-parallelism', 'deep-learning', 'distributed-computing', 'foundation-models', 'heterogeneous-training', 'hpc', 'inference', 'large-scale', 'model-parallelism', 'pipeline-parallelism']",30,30,1394,5,18.75,inference language:Python stars:>=100 pushed:>=2022-11-01,10,,,,,
162672577,PaddleFormers,PaddlePaddle/PaddleFormers,PaddleFormers is an easy-to-use library of pre-trained large language model zoo based on PaddlePaddle.,https://github.com/PaddlePaddle/PaddleFormers,12910,2089,2018-12-21T06:00:48Z,2025-08-21T13:01:52Z,Python,1095,17,"['model', 'transformers']",18,30,2437,2,18.7,transformers language:Python stars:>=100 pushed:>=2022-11-01,4,,,,,
749647889,MiniCPM-o,OpenBMB/MiniCPM-o,"MiniCPM-V 4.0: A GPT-4V Level MLLM for Single Image, Multi Image and Video on Your Phone",https://github.com/OpenBMB/MiniCPM-o,20121,1470,2024-01-29T05:30:33Z,2025-08-20T09:41:42Z,Python,375578,72,"['minicpm', 'minicpm-v', 'multi-modal']",28,30,572,3,18.65,gpt language:Python stars:>=100 pushed:>=2022-11-01,28,,,,,
600368121,faster-whisper,SYSTRAN/faster-whisper,Faster Whisper transcription with CTranslate2,https://github.com/SYSTRAN/faster-whisper,17732,1455,2023-02-11T09:17:27Z,2025-08-16T11:30:50Z,Python,38420,271,"['deep-learning', 'inference', 'openai', 'quantization', 'speech-recognition', 'speech-to-text', 'transformer', 'whisper']",30,30,924,7,18.65,inference language:Python stars:>=100 pushed:>=2022-11-01,10,,,,,
138224079,modin,modin-project/modin,Modin: Scale your Pandas workflows by changing a single line of code,https://github.com/modin-project/modin,10261,666,2018-06-21T21:35:05Z,2025-08-15T21:29:53Z,Python,53672,699,"['analytics', 'data-science', 'dataframe', 'datascience', 'distributed', 'modin', 'pandas', 'python', 'sql']",30,30,2619,7,18.65,workflow language:Python stars:>=100 pushed:>=2022-11-01,20,,,,,
644715009,localGPT,PromtEngineer/localGPT,Chat with your documents on your local device using GPT models. No data leaves your device and 100% private. ,https://github.com/PromtEngineer/localGPT,21802,2418,2023-05-24T05:32:40Z,2025-07-26T03:41:48Z,Python,4592,12,[],30,30,822,28,18.6,gpt language:Python stars:>=100 pushed:>=2022-11-01,28,,,,,
608660982,ChuanhuChatGPT,GaiZhenbiao/ChuanhuChatGPT,"GUI for ChatGPT API and many LLMs. Supports agents, file-based QA, GPT finetuning and query with web search. All with a neat UI.",https://github.com/GaiZhenbiao/ChuanhuChatGPT,15437,2278,2023-03-02T13:37:13Z,2025-08-15T02:25:50Z,Python,3205,124,"['chatbot', 'chatglm', 'chatgpt-api', 'claude', 'dalle3', 'ernie', 'gemini', 'gemma', 'inspurai', 'llama', 'midjourney', 'minimax', 'moss', 'ollama', 'qwen', 'spark', 'stablelm']",30,30,905,8,18.6,llm language:Python stars:>=100 pushed:>=2022-11-01,1,,,,,
638629097,aider,Aider-AI/aider,aider is AI pair programming in your terminal,https://github.com/Aider-AI/aider,36900,3419,2023-05-09T18:57:49Z,2025-08-13T17:30:01Z,Python,139764,1184,"['anthropic', 'chatgpt', 'claude-3', 'cli', 'command-line', 'gemini', 'gpt-3', 'gpt-35-turbo', 'gpt-4', 'gpt-4o', 'llama', 'openai', 'sonnet']",30,30,836,9,18.55,openai language:Python stars:>=100 pushed:>=2022-11-01,24,,,,,
286301447,txtai,neuml/txtai,"💡 All-in-one open-source AI framework for semantic search, LLM orchestration and language model workflows",https://github.com/neuml/txtai,11457,731,2020-08-09T19:14:59Z,2025-08-19T22:17:13Z,Python,55789,11,"['ai', 'artificial-intelligence', 'embeddings', 'information-retrieval', 'language-model', 'large-language-models', 'llm', 'machine-learning', 'nlp', 'python', 'rag', 'retrieval-augmented-generation', 'search', 'search-engine', 'semantic-search', 'sentence-embeddings', 'transformers', 'txtai', 'vector-database', 'vector-search']",17,30,1839,3,18.55,llm language:Python stars:>=100 pushed:>=2022-11-01,1,,,,,
151636194,server,triton-inference-server/server,The Triton Inference Server provides an optimized cloud and edge inferencing solution. ,https://github.com/triton-inference-server/server,9678,1633,2018-10-04T21:10:30Z,2025-08-19T23:14:34Z,Python,38489,823,"['cloud', 'datacenter', 'deep-learning', 'edge', 'gpu', 'inference', 'machine-learning']",30,30,2514,3,18.53,inference language:Python stars:>=100 pushed:>=2022-11-01,10,,,,,
259710503,speechbrain,speechbrain/speechbrain,A PyTorch-based Speech Toolkit,https://github.com/speechbrain/speechbrain,10326,1544,2020-04-28T17:48:45Z,2025-08-13T08:47:20Z,Python,103088,175,"['asr', 'audio', 'audio-processing', 'deep-learning', 'huggingface', 'language-model', 'pytorch', 'speaker-diarization', 'speaker-recognition', 'speaker-verification', 'speech-enhancement', 'speech-processing', 'speech-recognition', 'speech-separation', 'speech-to-text', 'speech-toolkit', 'speechrecognition', 'spoken-language-understanding', 'transformers', 'voice-recognition']",30,30,1942,10,18.5,transformers language:Python stars:>=100 pushed:>=2022-11-01,4,,,,,
673412924,ms-swift,modelscope/ms-swift,"Use PEFT or Full-parameter to CPT/SFT/DPO/GRPO 500+ LLMs (Qwen3, Qwen3-MoE, Llama4, GLM4.5, InternLM3, DeepSeek-R1, ...) and 200+ MLLMs (Qwen2.5-VL, Qwen2.5-Omni, Qwen2-Audio, InternVL3, Ovis2.5, Llava, GLM4v, Phi4, ...) (AAAI 2025).",https://github.com/modelscope/ms-swift,9440,830,2023-08-01T15:06:39Z,2025-08-23T12:48:31Z,Python,69339,658,"['deepseek-r1', 'deploy', 'embedding', 'grpo', 'internvl', 'liger', 'llama', 'llama4', 'llm', 'lora', 'megatron', 'multimodal', 'omni', 'open-r1', 'peft', 'qwen2-vl', 'qwen3', 'qwen3-moe', 'rft', 'sft']",30,30,753,0,18.44,llm language:Python stars:>=100 pushed:>=2022-11-01,1,,,,,
797371964,oumi,oumi-ai/oumi,"Easily fine-tune, evaluate and deploy gpt-oss, Qwen3, DeepSeek-R1, or any open source LLM / VLM!",https://github.com/oumi-ai/oumi,8427,640,2024-05-07T17:45:15Z,2025-08-23T02:02:37Z,Python,12339,39,"['dpo', 'evaluation', 'fine-tuning', 'gpt-oss', 'gpt-oss-120b', 'gpt-oss-20b', 'inference', 'llama', 'llms', 'sft', 'vlms']",30,30,472,0,18.43,llm language:Python stars:>=100 pushed:>=2022-11-01,1,,,,,
209120637,metaflow,Netflix/metaflow,"Build, Manage and Deploy AI/ML Systems",https://github.com/Netflix/metaflow,9418,873,2019-09-17T17:48:25Z,2025-08-22T20:15:31Z,Python,46097,357,"['agents', 'ai', 'aws', 'azure', 'data-science', 'datascience', 'gcp', 'generative-ai', 'high-performance-computing', 'kubernetes', 'llm', 'llmops', 'machine-learning', 'ml', 'ml-infrastructure', 'ml-platform', 'mlops', 'model-management', 'python']",30,30,2166,0,18.42,llm language:Python stars:>=100 pushed:>=2022-11-01,1,,,,,
230369286,pdm,pdm-project/pdm,A modern Python package and dependency manager supporting the latest PEP standards,https://github.com/pdm-project/pdm,8455,449,2019-12-27T03:50:57Z,2025-08-22T10:27:46Z,Python,13689,44,"['hacktoberfest', 'package-manager', 'packaging', 'pep582', 'pep621', 'python', 'workflow']",30,30,2066,1,18.41,workflow language:Python stars:>=100 pushed:>=2022-11-01,20,,,,,
683892956,ChatDev,OpenBMB/ChatDev,Create Customized Software using Natural Language Idea (through LLM-powered Multi-Agent Collaboration),https://github.com/OpenBMB/ChatDev,27323,3440,2023-08-28T02:18:13Z,2025-07-22T15:23:31Z,Python,243300,46,[],30,30,726,32,18.4,llm language:Python stars:>=100 pushed:>=2022-11-01,1,,,,,
168799526,pytorch-image-models,huggingface/pytorch-image-models,"The largest collection of PyTorch image encoders / backbones. Including train, eval, inference, export scripts, and pretrained weights -- ResNet, ResNeXT, EfficientNet, NFNet, Vision Transformer (ViT), MobileNetV4, MobileNet-V3 & V2, RegNet, DPN, CSPNet, Swin Transformer, MaxViT, CoAtNet, ConvNeXt, and more",https://github.com/huggingface/pytorch-image-models,35097,4997,2019-02-02T05:51:12Z,2025-08-08T19:23:26Z,Python,28667,78,"['augmix', 'convnext', 'distributed-training', 'efficientnet', 'image-classification', 'imagenet', 'maxvit', 'mixnet', 'mobile-deep-learning', 'mobilenet-v2', 'mobilenetv3', 'nfnets', 'normalization-free-training', 'optimizer', 'pretrained-models', 'pretrained-weights', 'pytorch', 'randaugment', 'resnet', 'vision-transformer-models']",30,30,2394,14,18.3,transformers language:Python stars:>=100 pushed:>=2022-11-01,4,,,,,
522158088,chatgpt-on-wechat,zhayujie/chatgpt-on-wechat,基于大模型搭建的聊天机器人，同时支持 微信公众号、企业微信应用、飞书、钉钉 等接入，可选择ChatGPT/Claude/DeepSeek/文心一言/讯飞星火/通义千问/ Gemini/GLM-4/Kimi/LinkAI，能处理文本、语音和图片，访问操作系统和互联网，支持基于自有知识库进行定制企业智能客服。,https://github.com/zhayujie/chatgpt-on-wechat,38574,9385,2022-08-07T08:33:41Z,2025-08-08T02:47:49Z,Python,4459,344,"['ai', 'ai-agent', 'chatgpt', 'claude-4', 'deepseek', 'dingtalk', 'feishu-bot', 'gemini', 'gpt-4', 'kimi', 'linkai', 'llm', 'mcp', 'multi-agent', 'openai', 'python3', 'qwen', 'rag', 'wechat', 'wechat-bot']",30,30,1112,15,18.25,llm language:Python stars:>=100 pushed:>=2022-11-01,1,,,,,
